{
  "language": {
    "name": "Русский"
  },
  "contacts": {
    "address": "MNFST ADVERTISING SOLUTIONS LLP, 10 Longworth Avenue, Chesterton, Cambridge CB4 1GU, UK, Company number OC416765.",
    "UKAddress": "MNFST LTD, 32 Kritis Street, Papachristoforou Building, 4th Floor, 3087 Limassol, Cyprus. Company Reg Number: HE 382568."
  },
  "externalLinks": {
    "business": "Брендам и агентствам",
    "careers": "Карьера",
    "cookiePolicy": "Политика Сookie",
    "faq": "FAQ",
    "influencers": "Пользователям",
    "license": "Условия использования",
    "privacyPolicy": "Политика конфиденциальности"
  },
  "formFields": {
    "userJoin": {
      "phoneNumber": "Номер телефона",
      "submitButton": "Скачать",
      "successStatus": "Сообщение отправлено!"
    }
  },
  "pages": {
    "businessLanding": {
      "header": {
        "caseStudies": "Примеры",
        "howItWorks": "Как это работает",
        "signIn": "Войти"
      },
      "answers": {
        "answers": {
          "answer1": {
            "description": "MNFST открывает возможности для создания привлекательных и персонализированных постов с применением технологий сегментации и дополненной реальности",
            "title": "Традиционная реклама морально устарела и слишком дорога"
          },
          "answer2": {
            "title": "Личные рекомендации — лучший маркетинговый канал для любого бизнеса"
          },
          "answer3": {
            "title": "Мы обеспечиваем создание рекламы для самой лояльной и ценной аудитории"
          },
          "answer4": {
            "title": "Каждый из 9 миллиардов аккаунтов социальных сетей может стать рекламной площадкой для вашего бренда"
          }
        },
        "title": "Превратите рекламу в персональные сообщения"
      },
      "caseStudies": {
        "cases": {
          "case1": {
            "author": "Dave Waiser, основатель и CEO GETT",
            "description": "У MNFST действительно инновационный подход к диджитал маркетингу, который мы в Gett оценили по достоинству. Мы впечатлены как быстро команда MNFST развернула маркетинговую кампанию, которой не только легко управлять, но и которая безопасна для нашего бренда. Мы с энтузиазмом ожидаем новые функции в MNFST и обязательно будем работать с ними в дальнейшем.",
            "title": "Gett Green"
          },
          "case2": {
            "author": "Filip Perkon, основатель, Russian Film Week",
            "description": "MNFST отлично подходит для широкой имиджевой рекламной кампании, в которой инфлюенсеры поддерживают бренд с помощью своих фотографий в социальных сетях. Мы запустили кампанию в MNFST для нашего фестиваля и смогли широко разрекламировать наш бренд.",
            "title": "Russian Film Week"
          },
          "case3": {
            "author": "Tom Gatzen, со-основатель, Ideal Flatmate",
            "description": "Мы считаем, что MNFST отлично вписался в наш пул методов продвижения. Процесс созданиях кампании был простой. Благодаря MNFST мы смогли убедить сотни жителей Лондона говорить про наш сервис в социальных сетях. Это отличный способ для нас использовать сарафанное радио с большим масштабом.",
            "title": "Ideal Flatmate"
          },
          "case4": {
            "description": "Aspire ведет благотворительную кампанию по сбору средств для людей с параличом спинного мозга под названием The Aspire Channel Swim. В MNFST Aspire ищет сторонников",
            "title": "Aspire"
          },
          "case5": {
            "author": "Rebecca Buchanan, Digital Marketing Manager, The Prince’s Trust",
            "description": "В The Prince’s Trust мы любим испытывать новейшие методы продвижения, чтобы обращаться к молодой аудитории. MNFST обеспечил нам возможность это сделать. Работа с MNFST оказалась для нас отличным опытом, команда профессиональна, и поддерживала нас на протяжении всей кампании, включая создание креатива, и вовлекая в использование последних возможностей платформы.",
            "title": "The Prince’s Trust"
          },
          "case6": {
            "description": "Box Boutique — международный онлайн-магазин товаров и одежды класса люкс. После 6 недель кампании с MNFST посещаемость сайта выросла на 25%",
            "title": "The Box Boutique"
          }
        },
        "engagement": "Уровень вовлеченности",
        "impressions": "Показы",
        "lowerCPPI": "CPPI < CPM в Facebook",
        "manifests": "Опубликовано Манифестов",
        "nonProfit": "Некоммерческая",
        "title": "Примеры"
      },
      "getOnBoard": {
        "samples": {
          "sample1": {
            "description": "Получите презентацию с подробными примерами и другой информацией.",
            "title": "Скачайте презентацию"
          },
          "sample2": {
            "description": "Мы поможем вам завоевать рынок! Добавьте MNFST в свой медиа-план. Давайте обсудим",
            "title": "Запросите демо"
          },
          "sample3": {
            "description": "Вопросы и ответы",
            "title": "Ответы на вопросы о приложении, кампаниях и ценах"
          },
          "sample4": {
            "description": "Руководство по созданию креативов",
            "title": "Всё что нужно для создания кампаний с изображением, видео и сегментацией"
          },
          "sample5": {
            "description": "Примерь свой креатив",
            "title": "Как выглядела бы ваша кампания в каждой социальной сети"
          },
          "title": "Не убеждены?"
        },
        "title": "Присоединяйтесь!"
      },
      "howItWorks": {
        "advantages": {
          "advantage1": {
            "description": "Ваша кампания видна только тем пользователям MNFST, которые соответствуют вашим критериям таргетинга",
            "title": "Насколько точно таргетирование?"
          },
          "advantage2": {
            "description": "Весь контент проходит проверку с помощью технологий машинного обучения, чтобы обезопасить ваш бренд",
            "title": "Как это работает?"
          },
          "advantage3": {
            "description": "Не нужно договариваться о суммах и контролировать выплаты — все процессы автоматизированы",
            "title": "Подробная информация"
          }
        },
        "chartSample": {
          "description": "Вы всегда можете узнать показы и уровень вовлеченности вашей кампании",
          "title": "И самое главное:<br />результаты измеримы."
        },
        "popupChatDemo": {
          "answer": "Теперь это возможно. С помощью MNFST.",
          "question": "Можно ли управлять кампаниями в соцсетях, рассчитанными на миллионы пользователей? 👥👥"
        },
        "steps": {
          "step1": {
            "description": "Выберите тип вознаграждения: деньги, баллы, скидки и т. д.",
            "subtitle": "Настройте и запустите кампанию"
          },
          "step2": {
            "description": "Вы выбираете кто сможет принять участие в вашей кампании",
            "subtitle": "Кампания появляется в приложении MNFST"
          },
          "step3": {
            "description": "Ваш бренд попадает на фото пользователя вместе со ссылкой",
            "subtitle": "Пользователь создает Манифест"
          },
          "step4": {
            "description": "Мы отслеживаем наличие поста и его безопасность для бренда",
            "subtitle": "Пользователь публикует в соцсети"
          },
          "step5": {
            "description": "Вознаграждение зависит от аккаунта пользователя",
            "subtitle": "Пользователь получает деньги через 24 часа"
          },
          "step6": {
            "subtitle": "<b>Ваша</b> вирусная кампания появилась в лентах миллионов пользователей",
            "title": "<b>Ваша</b> вирусная кампания появилась в лентах миллионов пользователей"
          }
        },
        "title": "Как это работает"
      },
      "selfieCampaigns": {
        "creativesTypes": {
          "ar": {
            "description": "Описание, советы и рекомендации",
            "title": "Маски"
          },
          "overlay": {
            "description": "Рекомендации по статическими и видео креативам",
            "title": "Стикеры"
          },
          "segmentation": {
            "description": "Лучшие практики и рекомендации",
            "title": "Замена фона"
          }
        },
        "description": "MNFST позволяет пользователям создавать яркие посты с упоминанием вашего бренда",
        "discount": "Зарегистрируйтесь и получите <b>до $500</b> на свою первую кампанию",
        "title": "Создавайте<br />эффектные кампании",
        "signUp": "Зарегистрироваться"
      },
      "teaser": {
        "description1": "Вашей рекламной площадкой теперь может стать любой из 9 миллиардов профилей в <b>Instagram</b>, <b>Twitter</b> и <b>Facebook</b>.",
        "description2": "Продвигайте свой бренд среди многочисленной и самой вовлеченной аудитории",
        "discountInfo": "Получите <b>до $500</b> на свою первую кампанию",
        "scrollDown": "Прокрутите вниз, чтобы узнать больше",
        "signUp": "Зарегистрироваться",
        "title": "Превратите свою рекламу<br />в персональную рекомендацию"
      },
      "ui": {
        "expandTextBlock": "Еще"
      }
    },
    "join": {
      "description": "Больше не нужно быть звездой Instagram, чтобы зарабатывать. С приложением MNFST каждый пользователь может получать деньги за свои публикации. <strong>Установи MNFST и зарабатывай!</strong>",
      "form": {
        "getAppButton": "Скачать",
        "phoneNumber": "Номер телефона"
      },
      "title": "Поддержите ${targetUser} и заработайте",
      "titleDefaultUserName": "То, что вы любите"
    },
    "faq": {
      "articles": {
        "instagramPublic": {
          "title": "Как сделать публичным аккаунт в Instagram",
          "iOS": {
            "section1": "Перейдите в свой профиль и нажмите на <b>значок меню</b> справа",
            "section2": "Внизу списка выберите <b>Настройки</b>",
            "section3": "Прокрутите вниз, затем нажмите <b>Конфиденциальность и безопасность > Конфиденциальность аккаунта</b>",
            "section4": "Убедитесь, что функция <b>Закрытый аккаунт</b> отключена",
            "section5": "<b>Готово!</b> Ваш рейтинг обновится автоматически в течение суток. Чтобы узнать рейтинг сразу же, нажмите кнопку <b>Пересчитать рейтинг</b> в приложении MNFST."
          },
          "android": {
            "section1": "Перейдите в свой <b>профиль</b> и нажмите на <b>значок меню</b> справа",
            "section2": "Внизу списка выберите <b>Настройки</b>",
            "section3": "Убедитесь, что функция <b>Закрытый аккаунт</b> отключена",
            "section4": "<b>Готово!</b> Ваш рейтинг обновится автоматически в течение суток. Чтобы узнать рейтинг сразу же, нажмите кнопку <b>Пересчитать рейтинг</b> в приложении MNFST."
          },
          "mobile": {
            "section1": "Перейдите в свой <b>Профиль</b> и нажмите на <b>значок меню</b> слева",
            "section2": "Выберите раздел <b>Конфиденциальность и безопасность</b>",
            "section3": "Убедитесь, что функция <b>Закрытый аккаунт</b> отключена",
            "section4": "<b>Готово!</b> Ваш рейтинг обновится автоматически в течение суток. Чтобы узнать рейтинг сразу же, нажмите кнопку <b>Пересчитать рейтинг</b> в приложении MNFST."
          }
        },
        "facebookPublic": {
          "title": "Как сделать публичным список друзей в Facebook",
          "iOS": {
            "section1": "Нажмите на <b>значок меню</b> внизу экрана",
            "section2": "Прокрутит вниз и выберите раздел <b>Настройки и конфиденциальность</b>",
            "section3": "Нажмите <b>Быстрые настройки конфиденциальности</b>",
            "section4": "В открывшемся окне перейдите в раздел <b>Дополнительные настройки конфиденциальности</b>",
            "section5": "Прокрутите вниз и нажмите <b>Кто может посмотреть список ваших друзей?</b>",
            "section6": "Выберите вариант <b>Доступно всем</b>",
            "section7": "Готово! Ваш рейтинг обновится автоматически в течение суток. Чтобы узнать рейтинг сразу же, нажмите кнопку <b>Пересчитать рейтинг</b> в приложении MNFST."
          },
          "android": {
            "section1": "Нажмите на <b>значок меню</b> вверху экрана",
            "section2": "Прокрутите вниз и нажмите <b>Быстрые настройки конфиденциальности</b>",
            "section3": "Нажмите <b>Быстрые настройки конфиденциальности</b>",
            "section4": "В открывшемся окне перейдите в раздел <b>Дополнительные настройки конфиденциальности</b>",
            "section5": "Прокрутите вниз и нажмите <b>Кто может посмотреть список ваших друзей?</b>",
            "section6": "Выберите вариант <b>Доступно всем</b>",
            "section7": "<b>Готово!</b> Ваш рейтинг обновится автоматически в течение суток. Чтобы узнать рейтинг сразу же, нажмите кнопку <b>Пересчитать рейтинг</b> в приложении MNFST."
          },
          "mobile": {
            "section1": "Нажмите на <b>значок меню</b> вверху экрана",
            "section2": "Прокрутите вниз и нажмите <b>Быстрые настройки конфиденциальности</b>",
            "section3": "В открывшемся окне перейдите в раздел <b>Дополнительные настройки конфиденциальности</b>",
            "section4": "Прокрутите вниз и нажмите <b>Кто может посмотреть список ваших друзей?</b>",
            "section5": "Выберите вариант <b>Доступно всем</b>",
            "section6": "<b>Готово!</b> Ваш рейтинг обновится автоматически в течение суток. Чтобы узнать рейтинг сразу же, нажмите кнопку <b>Пересчитать рейтинг</b> в приложении MNFST."
          }
        },
        "twitterPublic": {
          "title": "Как сделать публичными записи в Twitter",
          "iOS": {
            "section1": "На главном экране приложения нажмите на <b>фотографию профиля</b>",
            "section2": "Откройте раздел <b>Настройки и конфиденциальность</b>",
            "section3": "Нажмите <b>Конфиденциальность и безопасность</b>",
            "section4": "Убедитесь, что функция <b>Ограничить доступ к моим твитам</b> отключена",
            "section5": "<b>Готово!</b> Ваш рейтинг обновится автоматически в течение суток. Чтобы узнать рейтинг сразу же, нажмите кнопку <b>Пересчитать рейтинг</b> в приложении MNFST."
          },
          "android": {
            "section1": "На главном экране приложения нажмите на <b>фотографию профиля</b>",
            "section2": "Откройте раздел <b>Настройки и конфиденциальность</b>",
            "section3": "Нажмите <b>Конфиденциальность и безопасность</b>",
            "section4": "Убедитесь, что функция <b>Ограничить доступ к моим твитам</b> отключена",
            "section5": "<b>Готово!</b> Ваш рейтинг обновится автоматически в течение суток. Чтобы узнать рейтинг сразу же, нажмите кнопку <b>Пересчитать рейтинг</b> в приложении MNFST."
          },
          "mobile": {
            "section1": "На главном экране приложения нажмите на <b>фотографию профиля</b>",
            "section2": "Откройте раздел <b>Настройки и конфиденциальность</b>",
            "section3": "Нажмите <b>Конфиденциальность и безопасность</b>",
            "section4": "Убедитесь, что функция <b>Ограничить доступ к моим твитам</b> отключена",
            "section5": "<b>Готово!</b> Ваш рейтинг обновится автоматически в течение суток. Чтобы узнать рейтинг сразу же, нажмите кнопку <b>Пересчитать рейтинг</b> в приложении MNFST."
          }
        },
        "disabledFacebook": {
          "title": "Почему я не вижу мои Манифесты в Facebook",
          "default": {
            "p1": "По техническим причинам кампании для Facebook больше не доступны в приложении MNFST. Мы пытаемся исправить эту ситуацию, однако не можем сказать, будет ли найдено решение и когда. Приносим свои извинения за доставленные неудобства.",
            "p2": "Как и раньше, вы можете зарабатывать или поддерживать добрые дела, принимая участие в кампаниях для Twitter и Instagram. Вскоре станут доступны и другие социальные сети.",
            "p3": "Благодарим вас за понимание. Если у вас есть вопросы, напишите нам по адресу"
          }
        },
        "brandReferral": {
          "title": "Программа привлечения брендов",
          "default": {
            "st1": "Как связываться с представителем бренда?",
            "st2": "Когда я получу вознаграждение?",
            "p1": "У вас есть любимый бренд и вы знаете, кто занимается его продвижением? Расскажите этому человеку о MNFST!",
            "p2": "Отправьте вашему знакомому электронное письмо: объясните, что это за платформа и почему она подходит этому бренду. Добавьте ссылку на сайт business.mnfst.com, где представитель бренда сможет запросить демонстрацию нашего продукта. Упомяните, что на первую кампанию предоставляется скидка до $500.",
            "p3": "Обязательно добавляйте адрес <a href=\"mailto:${businessEmail}\">${businessEmail}</a> в поле \"Копия\" всех писем, в которых вы рекомендуете MNFST.",
            "p4": "Когда привлеченный вами рекламодатель потратит в MNFST более $1000, вы получите вознаграждение в размере $200.",
            "p5": "Вы можете заработать по $200 за каждого привлеченного рекламодателя."
          }
        },
        "referralProgram": {
          "title": "Реферальная программа",
          "default": {
            "st1": "Правила программы",
            "st2": "Условия участия",
            "st3": "Реферальная ссылка",
            "st4": "Вознаграждения",
            "st5": "Обратная связь",
            "t1": "Как устроена реферальная программа?",
            "t2": "Сколько я могу заработать?",
            "t3": "Кого я могу приглашать?",
            "t4": "Сколько друзей можно пригласить?",
            "t5": "Когда друг получит мою ссылку, что он должен сделать?",
            "t6": "Каким условиям должны соответствовать участники реферальной программы?",
            "t7": "Могу ли я отслеживать статус своих приглашений?",
            "t8": "Где найти реферальную ссылку?",
            "t9": "Друг не указал мою реферальную ссылку при регистрации. Могу ли я получить вознаграждение за это приглашение?",
            "t10": "Могу ли я получить вознаграждение за приглашения, отправленные до запуска реферальной программы?",
            "t11": "Могу ли я приглашать друзей из других стран?",
            "t12": "Почему я не вижу в приложении никакой информации о реферальной программе?",
            "t13": "Почему за одни приглашения я получаю меньше, чем за другие, а за некоторые — не получаю ничего?",
            "t14": "Многие друзья уже скачали приложение по моей ссылке, но мне пока ничего не заплатили. Почему?",
            "t15": "Как заработать $50 долларов в реферальной программе, если вознаграждение за одного приглашенного друга гораздо меньше?",
            "t16": "Я хочу пригласить друзей в MNFST, но меня не устраивают некоторые условия реферальной программы.",
            "p1": "Вы отправляете друзьям приглашение со своей персональной реферальной ссылкой.",
            "p2": "Когда кто-то из друзей регистрируется в приложении и публикует Манифест, вы получаете вознаграждение — столько же, сколько этот друг заработал в своей первой платной кампании (но не более $20).",
            "p3": "Приглашение по реферальной ссылке будет учтено, если друг ранее не был зарегистрирован в MNFST и его социальный рейтинг выше 55 баллов.",
            "p4": "Максимальная сумма вознаграждений составляет $50. Если вы считаете, что можете заработать больше, и у вас есть ещё друзья, которых вы хотели бы пригласить, <a href=\"mailto:${contactLink}\">напишите нам</a>.",
            "p5": "Приглашать можно всех друзей в Instagram и Twitter, которые не зарегистрированы в MNFSТ и чей социальный рейтинг составляет выше 55 баллов.",
            "p6": "Отправить реферальную ссылку можно любому числу друзей — чем больше, тем лучше. Обратите внимание, что независимо от числа приглашений сумма ваших вознаграждений не превысит $50. Если вы считаете, что можете заработать больше, свяжитесь с нами.",
            "p7": "Скачать приложение MNFST.",
            "p8": "Создать аккаунт в приложении.",
            "p9": "Опубликовать оплачиваемый Манифест (публикация должна оставаться доступной в социальной сети не менее суток).",
            "p10": "Быть старше 16 лет.",
            "p11": "Не быть зарегистрированными в MNFST и иметь социальный рейтинг выше 55 баллов.",
            "p12": "Статусы приглашений доступны в разделе \"Бонусы\" приложения MNFST.",
            "p13": "Ссылку можно скопировать в разделе \"Бонусы\" мобильного приложения. Если вы не нашли ссылку, <a href=\"${contactLink}\">напишите нам</a>.",
            "p14": "К сожалению, мы не сможем учесть приглашение, если друг не укажет вашу реферальную ссылку при регистрации и публикации Манифеста.",
            "p15": "К сожалению, мы не можем учесть приглашения, отправленные до официального запуска реферальной программы.",
            "p16": "Да, однако имейте в виду, что сумма вознаграждения может меняться в зависимости от страны. Кроме того, реферальная программа доступна не во всех странах.",
            "p17": "К сожалению, реферальная программа доступна не во всех странах, поэтому не все пользователи могут принять участие в ней.",
            "p18": "Вознаграждение начисляется только после того, как приглашенный вами пользователь публикует платный Манифест у себя в социальной сети. Возможно, что не все друзья, получившие ваше приглашение, решили это сделать.",
            "p19": "Аккаунты соцсетей, принадлежащие приглашенным пользователям, не должны быть ранее зарегистрированы в MNFST. В противном случае вы не получите вознаграждений за Манифесты этих пользователей.",
            "p20": "Сумма вознаграждения зависит от социального рейтинга приглашенного друга. Чем шире его охват в соцсетях и чем выше его рейтинг, тем больше он заработает на Манифестах — а значит, больше будет и ваше вознаграждение. Однако вы не можете получить за одно приглашение более $20.",
            "p21": "Если у приглашенного вами пользователя слишком мало друзей и публикаций в социальных сетях, вам не будет начислено вознаграждение за его первый Манифест.",
            "p22": "Возможно, вы или приглашенный вами пользователь нарушили другие, не перечисленные выше <a href=\"${referralRulesLink}\" target=\"_blank\">Правила реферальной программы</a>.",
            "p23": "Согласно условиям программы, вознаграждение начисляется, если приглашенный друг скачивает приложение, публикует платный Манифест и получает за него вознаграждение. Тем, кто скачал MNFST, но ещё не сделал публикацию, можно напомнить об этом — например, с помощью персонализированного push-уведомления в приложении.",
            "p24": "Поделитесь свой реферальной ссылкой как можно с большим числом пользователей. Учтите, что люди, которых вы знаете лично, с большей вероятностью откликнутся на приглашение.",
            "p25": "Максимальная сумма, которую вы можете заработать в реферальной программе, составляет $50. Если вы уже получили эту сумму, но хотите пригласить больше друзей, напишите нам: <a href=\"mailto:${contactLink}\">${contactLink}</a>.",
            "p26": "Мы постоянно работаем над тем, чтобы делать MNFST лучше. Отправьте свои предложения на адрес <a href=\"mailto:${contactLink}\">${contactLink}</a> — мы обязательно рассмотрим их и свяжемся с вами."
          }
        }
      },
      "ui": {
        "articleFor": "Статья для",
        "articleLanguages": "Статья также доступна на других языках:",
        "supportEmail": "Остались вопросы? Напишите нам:"
      }
    },
    "userLanding": {
      "header": {
        "howItWorks": "Как это работает",
        "qna": "Вопросы"
      },
      "brands": {
        "title": "Поддерживайте только любимые бренды",
        "description": "Получайте вознаграждение от известных брендов, поддерживайте благотворительные акции и важные события"
      },
      "creatives": {
        "title": "Наши пользователи уже заработали <nobr>${amount}</nodr>",
        "creativeInfluencerDetails": "${influencer} размещает Манифест для ${brand} и получает",
        "creativeNonProfitInfluencerDetails": "${influencer} размещает Манифест для ${brand}",
        "creativePriceDetails": "~${price} за пост",
        "influencers": {
          "ahmed": "Ахмед",
          "beyonce": "Бейонсе",
          "jessica": "Джессика",
          "raj": "Радж",
          "tomek": "Томек",
          "mia": "Мия"
        },
        "titles": {
          "palaceToPalace": "У большинства из них не более 1000 подписчиков",
          "gett1": "У большинства из них не более 1000 подписчиков",
          "giftOfLife": "У большинства из них не более 1000 подписчиков",
          "idealFlatmate": "У большинства из них не более 1000 подписчиков",
          "gett2": "У большинства из них не более 1000 подписчиков",
          "meToo": "У большинства из них не более 1000 подписчиков",
          "mnfst": "У большинства из них не более 1000 подписчиков"
        }
      },
      "howItWorks": {
        "title": "Как это работает",
        "description": "MNFST — первая в мире платформа, где именно вы рассказываете о брендах. Поддерживайте лучшие мировые компании и события и получайте за это деньги",
        "create": {
          "title": "Создавайте",
          "description": "Добавьте один из эффектов на своё фото или видео"
        },
        "post": {
          "title": "Публикуйте",
          "description": "Поделитесь своим Манифестом в&nbsp;соцсетях"
        },
        "getPaid": {
          "title": "Зарабатывайте",
          "description": "Получите вознаграждение через 24&nbsp;часа"
        }
      },
      "press": {
        "title": "СМИ о нас"
      },
      "profileValue": {
        "title": "Сколько стоит ваш пост в соцсетях?",
        "descripion": "Скачайте приложение и узнайте, сколько вы можете заработать"
      },
      "qna": {
        "title": "Часто задаваемые вопросы",
        "items": [
          {
            "answer": [
              "Мы создали MNFST, чтобы дать каждому человеку возможность заработать на своем профиле в социальных сетях, одном из самых ценных и важных активов в цифровую эпоху.",
              "Не так давно только звезды и блогеры с огромной аудиторией могли зарабатывать на своих аккаунтах. Затем в игру включились микроинфлюенсеры, однако и им было необходимо существенное число подписчиков, чтобы конкурировать с традиционными каналами продвижения.",
              "MNFST, наконец, создал полностью открытую, прозрачную и честную платформу, которая позволяет каждому человеку, вне зависимости от числа подписчиков, рекламировать бренды и делиться тем, что им не безразлично, а также зарабатывать на этом."
            ],
            "question": "Какая основная цель приложения MNFST?"
          },
          {
            "answer": [
              "Чтобы определить размер выплаты каждому пользователю, мы разработали так называемый Социальный капитал. Это индикатор, который отражает уровень влияния в социальных сетях на базе ряда параметров: число «живых» подписчиков, количество лайков и комментариев и качество контента. Ты увидишь стоимость своего поста непосредственно перед участием в кампании, и получишь оплату через 24 часа после публикации."
            ],
            "question": "Как вы определяете стоимость моего поста?"
          },
          {
            "answer": [
              "Мы позволяем вывести деньги на счета PayPal и Revolut, так как эти инструменты просты и используются во всем мире. Скоро мы подключим и другие."
            ],
            "question": "Какие методы выплат вы поддерживаете?"
          },
          {
            "answer": [
              "Участвуйте в кампаниях только тех брендов, которые действительно любите и рекомендовали бы даже без вознаграждения. На MNFST также есть некоммерческие и благотворительные кампании. Вы можете принять участие в одной рекламной кампании в сутки, но советуем вам не захламлять свой профиль рекламными постами, это может вызвать раздражение у ваших подписчиков."
            ],
            "question": "Как выбрать, что именно рекламировать?"
          }
        ],
        "links": {
          "seeMore": "Больше на <a href=\"${url}\">faq.mnfst.com</a>"
        }
      },
      "teaser": {
        "title": "Продвигайте любимые&nbsp;бренды и&nbsp;зарабатывайте",
        "description": "Монетизируйте свой профиль в&nbsp;социальных сетях вместе с&nbsp;MNFST вне зависимости от&nbsp;количества подписчиков"
      },
      "mnfstApp": {
        "app": {
          "title": "Начните зарабатывать в&nbsp;социальных сетях"
        },
        "business": {
          "title": "Создайте рекламную кампанию вместе с&nbsp;MNFST",
          "businessLinkLabel": "Подробнее"
        }
      }
    }
  },
  "socialNetworks": {
    "facebook": "Facebook",
    "instagram": "Instagram",
    "linkedIn": "Linked In",
    "medium": "Medium",
    "twitter": "Twitter"
  },
  "ui": {
    "errors": {
      "pageNotFound": "Страница не найдена"
    },
    "footer": {
      "supportEmail": {
        "label": "Есть вопросы? Напишите нам:"
      }
    },
    "mobileApps": {
      "label": "Скачать приложение MNFST для"
    }
  }
}
